Code	X	Y	Width	Height
GM1651	481.4494	768.0283	9.6849	9.0787
GM1651	497.4512	768.7157	8.3762	3.0036
GM0088	445.2851	753.5459	33.8203	15.581
GM1651	463.1536	760.0737	1.9166	2.3469
GM0060	379.1539	744.4517	54.419	13.4399
GM1651	514.8521	735.1747	54.1067	31.3997
GM0058	417.6092	746.1223	3.0898	3.201
GM0093	313.1093	731.8726	60.6332	26.367
GM1663	464.2888	726.8851	54.9482	30.0128
GM0053	484.7835	719.2033	23.1304	42.5421
GM0010	550.574	717.1941	48.7094	46.1336
GM0024	517.5509	721.1713	36.5323	31.9999
GM0058	412.7557	722.4395	51.1075	28.6118
GM1663	439.205	725.5047	3.9951	2.7631
GM1722	384.237	714.0727	32.6414	25.4781
GM0079	435.5279	708.0557	37.357	28.6899
GM0003	536.9317	714.342	12.7227	14.4406
GM0005	500.4866	708.5358	15.4541	24.4174
GM0056	466.0077	702.0044	41.9084	33.0332
GM0063	356.6699	702.5253	31.642	27.4475
GM0065	407.1629	702.0022	29.154	24.5518
GM0009	515.1671	702.6373	21.8355	19.7321
GM0096	256.2273	696.5237	37.7689	25.9529
GM0040	526.9667	692.814	40.8665	32.9042
GM0096	280.6107	705.5638	7.0821	4.0401
GM0081	377.0787	697.3862	17.8212	17.6279
GM0737	406.151	683.9072	42.9135	41.6205
GM0039	559.4016	682.261	26.1438	39.2192
GM0059	429.3913	684.8812	32.2696	31.3679
GM0014	495.2396	689.2124	30.6891	21.5904
GM1661	582.4007	685.3876	25.1985	28.3472
GM0070	339.566	681.7588	27.487	34.0156
GM0015	454.1369	681.9636	34.4195	30.4019
GM0083	361.273	685.191	22.0493	22.395
GM0093	298.4489	695.2488	4.4695	1.8224
GM0080	382.9964	678.2136	26.6782	30.4474
GM1987	543.0377	677.0447	25.9758	29.2164
GM0022	467.2471	672.3124	26.5337	34.4903
GM0072	328.1032	676.5144	13.0277	16.646
GM1699	474.1994	657.1862	35.1603	54.8335
GM0018	520.635	668.3903	28.1176	32.3694
GM0025	449.8071	671.0626	25.7597	26.5326
GM1730	505.23	661.8142	44.7108	42.8463
GM0017	504.0116	671.7542	22.2984	22.5638
GM0448	230.8902	653.576	30.2959	49.7598
GM0140	357.1233	663.6947	36.0138	29.3202
GM0052	566.6303	670.7145	14.6537	13.5454
GM0007	578.0067	660.4941	28.5666	30.536
GM0055	384.6649	656.4907	39.1461	37.9079
GM0090	414.742	661.6904	47.4251	22.3448
GM0710	330.2068	650.0133	39.8771	41.3948
GM0047	543.3334	654.8163	24.173	24.0322
GM0086	430.1886	644.5516	60.9493	41.535
GM0765	557.4516	651.5467	20.3604	26.4524
GM1680	523.9523	629.58	56.3374	56.9058
GM0037	558.7239	634.1609	36.1624	38.6623
GM0064	338.677	648.2997	9.5	8.8517
GM0683	353.4953	631.7588	38.8181	41.0402
GM0085	449.6617	630.9264	51.5847	42.2737
GM0710	297.6529	641.9115	25.7676	19.517
GM0710	317.0583	648.7933	4.7122	5.1724
GM0048	579.6824	622.7596	29.8139	55.8583
GM0106	495.1331	633.0319	22.1737	32.5213
GM0091	363.1288	640.4622	21.1476	14.4931
GM0051	378.9931	624.292	45.0847	39.8152
GM0074	417.3526	626.7266	48.6692	32.4403
GM0104	329.0807	614.6981	31.798	40.8633
GM1731	493.4397	601.2691	56.029	67.2825
GM1681	544.8287	609.3786	48.6537	47.5154
GM0462	275.9637	624.4498	17.8751	15.7122
GM0448	210.7458	625.3511	9.6936	5.3338
GM0400	223.0428	613.2429	15.0057	21.9002
GM0653	342.091	604.7936	35.9542	28.7406
GM0098	415.9551	600.6812	64.7482	36.0275
GM0462	254.0147	610.0933	26.0653	13.385
GM1701	456.5553	590.0901	54.6542	49.7545
GM0463	258.8101	591.9954	35.9327	43.3408
GM0366	234.5394	596.3839	23.2253	28.8286
GM0082	375.0427	595.7571	36.5216	24.8935
GM0109	520.8443	572.302	43.7642	63.0458
GM0476	220.1451	584.729	28.3835	37.7832
GM0114	556.8371	573.2654	39.8434	60.0932
GM1708	410.9508	569.6448	61.7171	53.4376
GM0171	381.8584	564.2252	64.5885	58.2531
GM0441	227.2253	578.6336	14.2229	12.446
GM0412	240.7151	571.8193	21.2597	25.3634
GM0118	490.1951	565.3632	34.8748	36.3764
GM1690	468.2192	559.6768	47.9505	46.4913
GM0395	224.3852	566.4551	24.1559	21.959
GM0119	442.3135	563.047	25.4025	26.1433
GM0420	274.2158	570.521	7.3807	10.7925
GM0529	267.4124	564.9389	24.7089	19.5478
GM0373	210.6344	548.9881	21.9102	45.6747
GM0459	279.9444	561.826	15.625	19.6579
GM0432	252.5095	560.7633	17.0834	20.8889
GM0364	292.5311	565.3864	16.3216	11.1975
GM0388	301.7712	561.4886	7.5212	14.9558
GM0416	226.0549	555.0136	15.9838	20.7394
GM0398	235.3219	552.0142	17.5311	22.6071
GM0532	293.1433	556.59	11.2692	10.1001
GM0498	281.7916	551.99	17.2298	14.1935
GM0466	264.5728	553.223	16.9142	9.6142
GM0429	244.5348	549.9792	12.3775	14.8228
GM0180	443.8367	541.9317	35.3611	27.7924
GM0995	316.3057	533.8018	28.4311	43.006
GM0454	285.6867	545.4933	22.2106	16.589
GM0361	221.8444	541.8227	14.1133	22.7394
GM0184	354.253	548.756	9.5206	8.2704
GM0405	269.18	546.1144	15.7887	12.5873
GM0160	493.2237	526.1885	70.837	52.1855
GM0558	252.5177	541.7205	25.3248	21.1173
GM1896	422.1859	535.165	29.8562	29.0929
GM0458	234.0815	532.7585	27.8006	22.5027
GM0166	400.0007	520.2601	33.4686	38.6821
GM0399	215.1681	533.1005	12.438	11.5186
GM0370	246.2309	522.9511	24.9565	25.8428
GM0478	260.2737	523.5543	17.6225	23.6518
GM0303	367.7239	504.5913	44.5401	59.7282
GM0303	372.2936	531.5667	4.3087	3.8333
GM0148	453.722	510.9993	33.9959	43.6962
GM0995	325.0613	504.7224	53.1312	52.988
GM0175	482.9647	510.6864	44.0636	41.0531
GM0383	211.8282	522.4166	27.9178	16.2332
GM0193	428.0452	511.2742	31.5496	36.9848
GM0365	231.7951	519.4369	13.2809	14.2818
GM0450	218.8357	513.4105	14.0449	14.191
GM0880	237.9174	508.8138	22.3409	18.6112
GM0396	206.136	509.9694	20.3097	11.5046
GM0439	254.8712	507.2421	15.944	14.7326
GM0385	265.4359	508.6127	13.4046	10.2851
GM0269	402.6254	496.5391	29.8129	32.6653
GM0479	223.5926	499.6806	28.6921	26.3423
GM0244	419.8398	501.7165	15.8113	16.4822
GM0375	204.8024	502.2917	19.1783	11.6055
GM1700	500.9702	493.5434	41.2047	28.0378
GM0852	265.4835	495.9833	29.2001	19.9004
GM0453	203.2996	495.2243	26.5351	19.6601
GM0415	247.046	495.0672	8.8133	19.7267
GM0183	535.8573	484.9639	42.7205	37.0726
GM1774	552.4564	477.4176	47.7594	49.6514
GM0431	239.8112	495.3182	9.7347	13.7524
GM0177	453.9654	479.6931	40.0804	43.2513
GM0230	387.6355	485.8971	25.6244	28.1749
GM0163	483.3641	480.6627	40.1857	36.1118
GM0246	418.2808	483.9856	27.4737	24.6845
GM1773	435.4009	476.5659	25.9252	39.0896
GM0050	329.68	468.9698	49.2588	47.5654
GM0377	195.6483	476.1262	13.7849	32.1181
GM0034	297.3007	474.448	39.3284	33.0221
GM0393	215.0893	483.8963	13.8151	13.9759
GM0363	243.3773	476.1082	52.0107	28.4485
GM0392	204.2087	478.6141	13.3661	22.4877
GM0189	496.6091	469.3704	25.1958	37.1061
GM0302	378.387	466.4587	31.0344	34.846
GM0141	513.2587	469.7963	18.942	27.2812
GM0473	188.756	472.2229	15.1411	21.8911
GM0232	407.2268	464.1133	38.8289	35.7914
GM0168	566.0067	459.7595	20.9655	39.8369
GM0394	210.3067	457.6876	41.4146	42.8718
GM0243	357.6671	467.1905	21.0155	19.345
GM0397	199.8915	468.3891	7.8758	10.3093
GM0363	257.6542	471.5637	4.4152	3.6972
GM0384	257.1157	465.989	14.1816	10.5357
GM0147	526.6394	461.9911	17.2621	14.4683
GM0173	551.1143	461.435	13.8475	12.7945
GM0424	269.6986	462.5376	17.773	9.1256
GM0437	245.325	455.9565	13.1478	21.91
GM0285	429.5658	441.8583	25.6583	46.7705
GM0363	255.0156	458.392	14.1356	13.2121
GM0575	178.0076	449.8728	21.4324	30.1562
GM0362	236.0607	453.8817	17.631	22.0951
GM1742	479.8475	454.3001	34.9632	21.1878
GM0372	197.0651	462.9758	4.3034	3.7971
GM0233	359.3038	453.1241	32.7388	22.2724
GM0425	283.8026	457.771	20.6141	12.3995
GM0457	268.4047	457.3637	13.778	11.4729
GM0150	449.4441	450.0321	43.2214	25.9606
GM0164	531.7414	447.1659	22.7536	30.778
GM0534	193.876	456.4337	10.6815	11.8272
GM0576	183.2312	451.276	17.2009	20.5186
GM0406	295.0093	454.9749	15.8751	12.3471
GM1735	502.1876	442.6355	51.6589	36.5931
GM0358	219.8671	447.7266	23.7104	22.2227
GM0376	298.7264	452.0314	17.27	12.615
GM0305	253.3537	448.5038	17.5336	19.2043
GM0153	545.9426	440.2739	34.5602	31.1848
GM0273	347.9611	443.8043	31.6181	22.3591
GM0329	262.2578	441.3186	13.2108	26.3424
GM0553	188.5239	446.3875	9.1734	16.1146
GM0200	397.5004	427.2135	54.3541	53.1929
GM0402	283.3745	440.0056	17.8959	27.0217
GM1696	271.5692	438.4887	18.9539	29.8388
GM0381	284.7467	449.6748	9.7177	7.3165
GM0317	301.2829	444.6591	16.6501	15.6036
GM0313	313.5691	441.9433	14.273	17.0854
GM0417	291.9852	442.6891	8.4055	15.1987
GM0451	226.0291	440.8839	19.8311	13.4335
GM0736	241.5595	435.0509	28.9382	24.6979
GM0267	337.7133	435.1465	37.1599	23.3811
GM0625	180.8167	439.7671	11.3067	13.6174
GM0262	462.5377	425.9536	52.0866	37.2767
GM0203	357.4502	424.9533	52.2481	35.6386
GM0604	184.2156	437.3821	11.4872	8.6722
GM0645	203.6926	430.8555	25.513	20.1995
GM0308	300.7548	431.807	19.035	16.8784
GM1673	228.0125	431.723	20.6424	15.691
GM0311	255.1842	425.5666	21.0273	25.5846
GM0628	185.4641	433.03	11.2683	10.6513
GM0537	167.6395	431.5353	10.456	12.7937
GM0483	196.2471	430.644	17.4046	14.1634
GM0602	173.6211	432.5523	5.8749	8.7163
GM0307	319.4418	422.9915	27.3618	27.7122
GM0158	529.0554	424.4393	40.8837	22.0647
GM0480	216.6197	426.9979	14.1977	16.758
GM0579	176.5013	428.7209	9.6698	10.6434
GM0342	304.2397	421.344	16.3978	23.5631
GM0310	283.6343	418.1671	20.8708	29.8755
GM0629	162.0624	418.2768	21.5698	23.0307
GM1859	502.1456	408.7042	55.3598	40.7381
GM0619	170.3464	425.4501	6.9072	7.1876
GM0546	178.765	420.7136	13.0936	16.2394
GM0547	188.2473	422.0063	8.7471	12.6385
GM0333	268.1283	419.1414	18.0566	15.8112
GM0569	230.1311	417.5497	23.7518	17.003
GM0301	448.6666	415.0223	28.9743	20.2691
GM0355	298.9941	410.5879	21.5656	27.9312
GM0484	210.648	415.2746	21.8512	18.2566
GM0213	429.9802	410.2565	32.5766	25.8368
GM0632	242.8832	410.5444	32.7668	24.3233
GM0327	322.0855	413.3331	31.3195	18.0466
GM1672	195.0108	409.8106	17.9976	24.9658
GM0626	171.5167	414.318	10.5466	11.987
GM0228	373.9774	399.9885	62.3097	40.455
GM0638	183.1838	411.1954	12.3632	16.6582
GM0344	271.2447	403.1695	34.6808	29.0622
GM1876	458.1462	396.1624	56.4973	42.3843
GM0518	151.9839	401.0751	34.701	28.3021
GM1916	168.1221	406.191	24.3642	17.9088
GM0497	222.9236	405.5955	19.8812	14.7011
GM0351	319.9272	402.0706	30.7025	18.5571
GM0279	335.4621	404.5713	12.3219	10.3538
GM0339	340.1071	400.1805	10.3779	16.3645
GM0499	207.6274	402.3413	13.9083	10.1652
GM0637	179.188	398.4402	21.8937	15.3766
GM0275	419.6758	390.214	28.5598	28.5865
GM0316	303.8679	393.8211	14.6199	19.5808
GM0332	317.8985	396.1428	16.3644	13.7796
GM0277	408.5792	392.1516	11.0272	19.9415
GM0335	249.6733	393.4131	23.0901	17.3937
GM0627	204.1779	393.6679	17.7418	16.4284
GM0202	396.9109	383.6441	28.9451	36.1721
GM0595	222.4339	393.6756	32.9355	16.0094
GM0312	291.8344	391.5189	19.5609	20.2738
GM0240	501.3631	387.4021	35.2206	26.3373
GM0315	311.2022	392.0672	15.4426	15.2211
GM1666	195.2871	386.8901	13.9972	24.2157
GM0603	154.0917	392.4692	10.306	12.2562
GM0589	237.2014	388.4642	19.7776	19.3209
GM0495	186.2753	388.7504	10.1123	18.5029
GM0356	273.3671	389.5253	10.5948	16.2086
GM0353	262.708	388.6011	15.2219	17.578
GM1783	137.6812	382.9047	28.2382	28.3585
GM1926	169.6094	385.7591	16.0351	21.5276
GM0306	328.469	385.4168	23.2661	21.5972
GM0321	288.5599	384.0135	23.4245	24.376
GM0326	324.1369	388.407	19.1322	15.2394
GM0345	343.5547	387.7447	12.0049	13.1634
GM0294	525.9937	375.8352	31.3867	36.0167
GM0221	435.0041	387.3105	10.4353	11.4718
GM0513	213.3279	386.9955	15.1126	10.9559
GM0503	160.0801	382.8672	13.4075	16.6568
GM0493	175.62	382.1853	12.6385	17.1972
GM0352	309.2526	379.7065	26.6124	18.0362
GM0331	250.4054	377.612	35.3163	21.913
GM0563	204.7259	382.1376	11.0831	12.7296
GM0274	380.8081	379.9842	24.2737	16.251
GM1842	152.9233	375.8043	26.1777	24.5866
GM0623	225.1478	378.1805	24.7986	19.39
GM0340	344.4526	377.1875	21.7742	18.8025
GM0299	426.1452	370.8801	25.8891	30.6183
GM0492	182.8263	378.5502	13.0728	11.4559
GM0599	148.9653	363.6464	95.6352	40.3059
GM0644	208.2928	371.7673	18.3424	22.2121
GM0620	275.3118	374.0524	21.6548	17.4218
GM0567	199.1366	374.1364	10.3139	16.4383
GM0289	361.1346	374.1498	18.3091	16.1221
GM0222	456.2755	372.5336	41.9681	17.7702
GM0491	220.1679	368.5953	24.3138	19.6977
GM0214	322.3985	364.3188	53.3412	28.0286
GM0226	415.6224	369.1491	15.8113	17.4985
GM1509	476.5949	358.7608	37.5143	37.9008
GM1955	445.6696	363.6056	37.7367	28.1209
GM0293	409.1988	372.2256	8.0542	10.5612
GM0197	500.8779	361.7989	31.3988	30.3798
GM0216	290.2034	369.284	19.7532	14.844
GM0707	260.4586	363.4512	27.1194	26.1096
GM1734	377.7601	362.555	38.9627	25.9659
GM0608	235.5097	370.7325	7.7806	8.154
GM0502	193.0203	366.6084	12.7715	14.7687
GM0606	163.0394	365.4853	10.3135	16.7474
GM1705	405.5724	359.0709	29.2417	26.5052
GM0622	152.8054	363.7783	15.9127	14.3149
GM1740	348.3857	362.3193	39.9194	16.3599
GM0556	142.6331	364.9675	12.3255	10.7761
GM0694	232.2101	361.1868	33.3222	17.2753
GM0600	138.579	363.1412	12.111	11.48
GM0545	271.4936	357.475	19.8361	22.0783
GM0614	115.5089	356.3583	25.2852	22.6087
GM0501	132.3647	356.1358	15.9555	20.5548
GM0236	293.3586	354.7932	34.8795	22.0199
GM0689	247.7669	352.8546	29.34	25.3818
GM0643	205.7865	360.1755	26.2158	10.6643
GM0542	195.7226	361.8392	14.534	6.9414
GM0693	227.8905	352.7759	38.2432	20.3534
GM0281	319.9882	353.73	21.9239	17.7615
GM0196	425.0799	352.1015	27.9912	18.7663
GM0597	195.9126	350.3151	15.0489	16.1488
GM0225	352.3987	349.2092	23.8221	16.421
GM0571	208.6986	353.9944	18.8149	5.714
GM0209	373.9225	348.0091	24.484	15.8266
GM0268	387.3342	342.8176	23.3442	26.1616
GM0668	336.5325	344.9681	32.3369	21.318
GM0733	270.0292	344.8719	25.6056	18.809
GM0530	122.635	346.1902	22.5186	15.4708
GM0482	206.0641	347.4362	11.4525	10.6799
GM0265	416.9843	347.2069	12.0498	11.0422
GM0568	139.9226	340.5617	24.5201	21.9845
GM0489	184.6312	345.6396	14.0643	11.0289
GM0613	171.0175	345.9629	16.8285	10.3587
GM0282	405.9579	342.9157	22.6493	15.7091
GM0531	201.7965	344.29	11.282	11.3621
GM0296	366.6489	336.9909	31.5466	23.5483
GM0512	254.7474	342.3606	16.5526	11.3103
GM0304	302.1724	340.3118	40.7353	14.8347
GM0523	237.2481	341.849	19.1191	11.1098
GM0511	96.8317	334.2845	38.2538	24.5921
GM0590	212.6141	341.0502	11.5099	6.9969
GM0642	198.0391	338.5768	18.3029	11.6417
GM0610	222.5653	339.9873	12.6239	7.8883
GM0263	303.8829	328.3591	37.6402	26.1243
GM0808	327.0977	329.6209	28.2427	19.8029
GM0241	403.3379	328.4952	17.5896	22.0531
GM0828	348.9827	327.0121	39.0323	24.6907
GM0870	232.8834	324.7731	50.3927	28.8275
GM0588	152.8617	327.3251	28.5288	23.313
GM0297	280.5518	327.4973	44.5375	22.332
GM0505	219.7953	325.2015	40.9373	26.0436
GM0874	259.4842	328.8922	24.0542	18.1843
GM0504	114.3899	322.7092	17.6966	25.5911
GM0252	384.1149	327.3637	25.4444	14.59
GM0517	196.0418	324.3514	9.5137	19.5669
GM0559	131.3064	318.1062	23.5409	27.362
GM0511	92.4768	329.1324	9.848	5.0901
GM0611	174.0013	318.8759	23.3127	21.9378
GM0617	188.9121	318.7765	22.1296	21.3956
GM0738	268.2403	319.2934	24.0426	19.1593
GM0944	398.1415	319.1496	11.3903	15.2118
GM0786	373.8293	318.6159	16.9431	14.2325
GM1671	328.3649	314.0743	14.61	21.0704
GM1676	90.4272	305.7899	75.5931	36.4579
GM1719	219.022	306.7114	32.3866	34.3703
GM1685	360.5741	309.1816	25.9471	29.4086
GM1676	102.1792	319.353	5.8048	8.3693
GM0796	307.479	310.1079	34.6583	24.5436
GM1684	391.6978	310.7498	23.0488	22.3075
GM0588	150.4732	318.1662	15.4341	7.1304
GM1676	94.7963	319.9045	3.839	1.761
GM0907	410.7039	306.1646	19.5237	25.8602
GM1676	90.5608	318.3776	3.6029	1.3756
GM0797	283.9021	304.268	26.376	26.6611
GM1721	337.6223	302.7473	27.5213	28.4768
GM0580	146.58	306.2309	37.2693	18.9525
GM0815	377.9768	301.8349	22.2485	23.4444
GM0867	260.2736	303.8629	30.0596	17.9246
GM1709	186.5342	298.2599	52.5066	27.8934
GM0779	239.048	306.2159	16.9742	11.796
GM0756	406.2009	290.6944	30.1275	41.1685
GM0856	360.0994	297.6863	29.4155	20.2067
GM1709	164.7372	306.6279	1.9929	1.8583
GM0845	317.1257	294.589	23.8308	25.2445
GM0865	298.6715	295.5004	18.5107	17.7437
GM0826	235.7986	290.187	23.8116	26.9492
GM1702	390.1317	287.3956	31.5375	29.3473
GM0766	250.7938	292.8689	15.4339	17.8583
GM0893	428.6383	279.0696	37.2123	44.5078
GM0809	265.1788	292.2763	18.5023	17.6738
GM0788	293.8738	288.787	26.6205	21.0691
GM1676	128.1136	295.4477	8.7598	6.4782
GM0717	55.3295	291.3619	10.0727	12.0188
GM0851	151.3738	283.0155	39.3566	28.2871
GM0716	119.2258	276.0234	39.7315	41.8233
GM0844	325.9079	287.1592	20.4044	17.2025
GM0860	346.8403	282.457	26.7292	24.524
GM0758	221.1623	272.2527	33.1924	41.6393
GM0855	267.779	278.1756	36.1061	27.6919
GM0777	202.0374	276.3752	16.1981	29.3795
GM0757	308.5333	279.0745	24.6843	22.8161
GM1655	183.0923	280.0164	29.1612	20.2395
GM0755	365.8189	283.314	20.5679	11.6807
GM0784	242.8361	272.7446	23.4927	26.5048
GM1695	65.3761	276.0781	41.1292	19.5263
GM0717	32.4315	267.6	38.6129	32.7135
GM0846	330.4303	272.6547	26.4758	20.9889
GM0824	289.5761	270.4823	23.0019	23.6052
GM1652	375.1464	267.2292	31.5063	28.6058
GM0748	147.6712	259.4191	23.9351	32.8605
GM1674	166.4638	260.3778	33.7638	29.3613
GM0840	189.4124	262.8048	24.326	23.9276
GM0984	407.0095	259.1573	36.9475	31.0417
GM1659	352.907	264.9359	23.893	18.7362
GM0717	53.108	271.1355	2.0556	3.9567
GM0993	427.6018	260.9604	17.6524	21.8713
GM0664	76.3252	262.857	41.6345	17.9427
GM1723	239.2289	258.7935	42.0318	25.2378
GM1695	80.5319	269.9537	0.8909	0.6378
GM0823	303.1663	254.0516	31.3307	31.9393
GM0879	201.0075	253.8088	33.7798	31.8868
GM0687	48.6208	260.527	26.8514	16.944
GM0753	319.959	259.3263	15.2992	19.1056
GM0798	281.1315	253.6352	31.6665	29.439
GM0848	333.4766	261.2592	19.1292	11.9845
GM0785	263.0235	258.3389	22.2507	17.33
GM0820	344.5726	253.2694	15.7823	25.9772
GM0678	95.5969	256.0029	17.3197	19.7941
GM0703	122.4245	245.3027	44.519	36.8937
GM1507	418.2304	246.6923	47.5158	31.2312
GM0654	71.9201	245.6346	36.396	29.6068
GM0885	443.1943	245.4176	11.4741	28.1094
GM0794	359.7583	250.2616	25.962	17.7646
GM0762	386.6005	239.0874	33.6029	37.9333
GM0772	328.4639	243.9478	30.0009	24.318
GM0718	41.4337	250.2169	28.1623	10.3343
GM0744	240.2414	241.3452	38.0935	21.8896
GM0718	54.9926	249.6404	3.4687	3.0781
GM0873	155.4277	235.5762	26.1787	28.3336
GM0718	53.0273	246.3693	4.9393	5.6008
GM0770	306.6372	230.1061	23.6595	37.6155
GM1771	350.049	239.7583	20.5197	14.3643
GM0847	367.8831	228.4299	20.8201	35.7238
GM0743	380.0593	228.6208	27.7386	26.5443
GM0861	315.9876	233.5842	17.9122	15.4469
GM1728	296.4659	224.3179	20.4354	32.3089
GM1667	279.1415	224.6111	20.8566	30.5027
GM0964	412.5743	232.8095	27.3519	12.3473
GM0983	437.552	219.6744	24.305	35.9718
GM1658	345.9441	221.4731	28.3806	31.9519
GM1714	27.7736	216.7553	55.5473	41.2225
GM0677	115.4116	214.748	44.3094	41.5267
GM0866	330.6906	228.1668	15.5004	9.7508
GM0934	420.5736	220.6079	25.9962	21.1639
GM0918	409.6794	215.9855	23.5262	24.465
GM1724	309.2276	212.3951	32.6516	30.6451
GM0858	329.2177	211.8156	21.8291	29.065
GM0677	92.9602	225.5917	2.4508	0.705
GM0715	73.0611	205.0523	56.1719	41.6717
GM0677	126.343	223.6973	3.5294	4.2721
GM0677	121.3509	221.9108	6.0231	5.2439
GM0941	394.1627	216.0965	12.4111	14.3114
GM1706	350.6356	203.6172	24.4892	33.3413
GM0946	376.7943	204.9123	36.5829	27.5515
GM0929	421.8659	205.4088	19.1653	13.5815
GM0920	392.0106	193.9451	19.5084	34.3183
GM1670	406.3492	200.6335	19.6101	20.0775
GM0889	424.6441	199.7288	18.6884	13.7596
GM0988	364.0519	190.804	35.4214	27.2393
GM0975	419.8812	189.3408	16.3158	14.8036
GM0914	406.2684	189.2288	17.0427	13.8013
GM0925	382.9887	180.4473	16.7942	21.5835
GM0957	413.859	180.0123	24.4991	16.5767
GM1937	398.8494	177.4122	16.0855	17.1406
GM1669	428.8107	171.3184	28.4231	19.2544
GM0977	391.1843	172.3361	7.6812	8.5053
GM1679	413.3545	166.2358	24.47	19.9633
GM0933	396.0889	165.5947	23.1135	17.6045
GM1711	401.5642	151.7569	37.9737	28.2045
GM1883	388.4114	134.2404	23.296	31.6235
GM0971	376.2991	125.1619	10.8295	22.7989
GM0881	410.2662	124.1413	17.9873	9.8779
GM0962	397.871	119.6529	16.1941	13.6152
GM0899	410.8854	117.9866	14.2323	8.6633
GM0888	384.4264	113.4778	16.1372	14.1438
GM0938	376.8834	107.9171	14.4033	19.3518
GM0917	409.0776	101.3641	20.9134	29.3962
GM0882	421.8958	107.6476	16.3232	16.1389
GM0951	393.0123	108.757	20.1022	13.6203
GM0935	367.906	96.147	19.6425	27.0138
GM0928	422.2836	100.7286	13.8457	15.5294
GM0986	401.8832	99.9626	17.1643	16.2756
GM0994	386.5676	97.0733	22.0284	15.5783
GM0965	413.622	89.6761	11.4238	14.6726
GM0936	383.7126	83.1511	20.1909	24.8487
GM1729	399.7524	81.77	25.9589	24.6753
GM0905	370.4411	78.6983	10.8568	16.6957
GM0981	411.3823	76.4902	16.9946	12.6229
GM0612	158.6805	342.6167	22.9516	13.3945
GM0584	167.3786	334.8953	11.4409	14.454
GM0585	182.1739	333.6095	27.0794	16.0214
